operationcount,Throughput
60000,1028.013364
70000,1221.129021
80000,1255.827826
90000,1402.91807
100000,1360.840455
