recordcount,Throughput
60000,1772.368771
70000,1744.417863
80000,1891.34238
90000,2254.452544
100000,2454.951637
