operationcount,Throughput
60000,770.00077
70000,781.642566
80000,791.6402787
90000,805.5277102
100000,799.7632701
